<metadata xml:lang="en"><Esri><CreaDate>20251212</CreaDate><CreaTime>10175000</CreaTime><ArcGISFormat>1.0</ArcGISFormat><SyncOnce>FALSE</SyncOnce><DataProperties><itemProps><itemName Sync="TRUE">RDCO_Cadastre</itemName><imsContentType Sync="TRUE">002</imsContentType><itemLocation><linkage Sync="TRUE">file://\\DESKTOP-FP0ALPN\C$\Users\kaush\Desktop\Temp\KG_Terrain_Editor_VSCode\Data\RDCO_Cadastre.shp</linkage><protocol Sync="TRUE">Local Area Network</protocol></itemLocation><itemSize Sync="TRUE">0.000</itemSize></itemProps><coordRef><type Sync="TRUE">Projected</type><geogcsn Sync="TRUE">GCS_North_American_1983</geogcsn><csUnits Sync="TRUE">Linear Unit: Meter (1.000000)</csUnits><projcsn Sync="TRUE">NAD_1983_UTM_Zone_11N</projcsn><peXml Sync="TRUE">&lt;ProjectedCoordinateSystem xsi:type='typens:ProjectedCoordinateSystem' xmlns:xsi='http://www.w3.org/2001/XMLSchema-instance' xmlns:xs='http://www.w3.org/2001/XMLSchema' xmlns:typens='http://www.esri.com/schemas/ArcGIS/3.6.0'&gt;&lt;WKT&gt;PROJCS[&amp;quot;NAD_1983_UTM_Zone_11N&amp;quot;,GEOGCS[&amp;quot;GCS_North_American_1983&amp;quot;,DATUM[&amp;quot;D_North_American_1983&amp;quot;,SPHEROID[&amp;quot;GRS_1980&amp;quot;,6378137.0,298.257222101]],PRIMEM[&amp;quot;Greenwich&amp;quot;,0.0],UNIT[&amp;quot;Degree&amp;quot;,0.0174532925199433]],PROJECTION[&amp;quot;Transverse_Mercator&amp;quot;],PARAMETER[&amp;quot;False_Easting&amp;quot;,500000.0],PARAMETER[&amp;quot;False_Northing&amp;quot;,0.0],PARAMETER[&amp;quot;Central_Meridian&amp;quot;,-117.0],PARAMETER[&amp;quot;Scale_Factor&amp;quot;,0.9996],PARAMETER[&amp;quot;Latitude_Of_Origin&amp;quot;,0.0],UNIT[&amp;quot;Meter&amp;quot;,1.0],AUTHORITY[&amp;quot;EPSG&amp;quot;,26911]]&lt;/WKT&gt;&lt;XOrigin&gt;-5120900&lt;/XOrigin&gt;&lt;YOrigin&gt;-9998100&lt;/YOrigin&gt;&lt;XYScale&gt;450445547.3910538&lt;/XYScale&gt;&lt;ZOrigin&gt;-100000&lt;/ZOrigin&gt;&lt;ZScale&gt;10000&lt;/ZScale&gt;&lt;MOrigin&gt;-100000&lt;/MOrigin&gt;&lt;MScale&gt;10000&lt;/MScale&gt;&lt;XYTolerance&gt;0.001&lt;/XYTolerance&gt;&lt;ZTolerance&gt;0.001&lt;/ZTolerance&gt;&lt;MTolerance&gt;0.001&lt;/MTolerance&gt;&lt;HighPrecision&gt;true&lt;/HighPrecision&gt;&lt;WKID&gt;26911&lt;/WKID&gt;&lt;LatestWKID&gt;26911&lt;/LatestWKID&gt;&lt;/ProjectedCoordinateSystem&gt;</peXml></coordRef><lineage><Process ToolSource="c:\program files\arcgis\pro\Resources\ArcToolbox\toolboxes\Conversion Tools.tbx\ExportFeatures" Date="20251212" Time="101750">ExportFeatures RDCO_Parcels K:\PROJECTS_new2025\WestsideRd\Wilson_Creek\Wilson_Creek.gdb\RDCO_Parcels_ExportFeatures # NOT_USE_ALIAS "OBJECTID "OBJECTID" true true false 8 Long 0 8,First,#,RDCO_Parcels,OBJECTID,-1,-1;FOLIO "FOLIO" true true false 12 Text 0 0,First,#,RDCO_Parcels,FOLIO,0,11;Positional "Positional" true true false 1 Text 0 0,First,#,RDCO_Parcels,Positional,0,0;AREA_SQM "AREA_SQM" true true false 10 Text 0 0,First,#,RDCO_Parcels,AREA_SQM,0,9;Address "Address" true true false 31 Text 0 0,First,#,RDCO_Parcels,Address,0,30;Jur "Jur" true true false 3 Text 0 0,First,#,RDCO_Parcels,Jur,0,2;PID "PID" true true false 11 Text 0 0,First,#,RDCO_Parcels,PID,0,10;Lot "Lot" true true false 6 Text 0 0,First,#,RDCO_Parcels,Lot,0,5;PlanNum "PlanNum" true true false 9 Text 0 0,First,#,RDCO_Parcels,PlanNum,0,8;Block "Block" true true false 5 Text 0 0,First,#,RDCO_Parcels,Block,0,4;Section "Section" true true false 9 Text 0 0,First,#,RDCO_Parcels,Section,0,8;Township "Township" true true false 2 Text 0 0,First,#,RDCO_Parcels,Township,0,1;DistrictLo "DistrictLo" true true false 17 Text 0 0,First,#,RDCO_Parcels,DistrictLo,0,16;LandDistri "LandDistri" true true false 2 Text 0 0,First,#,RDCO_Parcels,LandDistri,0,1;Size "Size" true true false 15 Text 0 0,First,#,RDCO_Parcels,Size,0,14;SizeUnits "SizeUnits" true true false 7 Text 0 0,First,#,RDCO_Parcels,SizeUnits,0,6;UnitNumber "UnitNumber" true true false 7 Text 0 0,First,#,RDCO_Parcels,UnitNumber,0,6;StreetNumb "StreetNumb" true true false 5 Text 0 0,First,#,RDCO_Parcels,StreetNumb,0,4;StreetName "StreetName" true true false 32 Text 0 0,First,#,RDCO_Parcels,StreetName,0,31;City "City" true true false 13 Text 0 0,First,#,RDCO_Parcels,City,0,12;ProvinceSt "ProvinceSt" true true false 2 Text 0 0,First,#,RDCO_Parcels,ProvinceSt,0,1;PostalZip "PostalZip" true true false 7 Text 0 0,First,#,RDCO_Parcels,PostalZip,0,6;FormattedL "FormattedL" true true false 254 Text 0 0,First,#,RDCO_Parcels,FormattedL,0,253;ActualUseC "ActualUseC" true true false 3 Text 0 0,First,#,RDCO_Parcels,ActualUseC,0,2;ActualUseD "ActualUseD" true true false 54 Text 0 0,First,#,RDCO_Parcels,ActualUseD,0,53;Zoning "Zoning" true true false 29 Text 0 0,First,#,RDCO_Parcels,Zoning,0,28;WasteColle "WasteColle" true true false 17 Text 0 0,First,#,RDCO_Parcels,WasteColle,0,16;FireArea "FireArea" true true false 34 Text 0 0,First,#,RDCO_Parcels,FireArea,0,33;ShapeSTAre "ShapeSTAre" true true false 24 Double 15 23,First,#,RDCO_Parcels,ShapeSTAre,-1,-1;ShapeSTLen "ShapeSTLen" true true false 24 Double 15 23,First,#,RDCO_Parcels,ShapeSTLen,-1,-1;Vacant "Vacant" true true false 1 Text 0 0,First,#,RDCO_Parcels,Vacant,0,0;Neighbourh "Neighbourh" true true false 35 Text 0 0,First,#,RDCO_Parcels,Neighbourh,0,34" #</Process><Process ToolSource="c:\program files\arcgis\pro\Resources\ArcToolbox\toolboxes\Conversion Tools.tbx\ExportFeatures" Date="20251212" Time="101840">ExportFeatures RDCO_Parcels_ExportFeatures C:\Users\kaush\Desktop\Temp\KG_Terrain_Editor_VSCode\Data\RDCO_Cadastre.shp # NOT_USE_ALIAS "OBJECTID_1 "OBJECTID" true true false 4 Long 0 0,First,#,RDCO_Parcels_ExportFeatures,OBJECTID_1,-1,-1;FOLIO "FOLIO" true true false 12 Text 0 0,First,#,RDCO_Parcels_ExportFeatures,FOLIO,0,11;Positional "Positional" true true false 1 Text 0 0,First,#,RDCO_Parcels_ExportFeatures,Positional,0,0;AREA_SQM "AREA_SQM" true true false 10 Text 0 0,First,#,RDCO_Parcels_ExportFeatures,AREA_SQM,0,9;Address "Address" true true false 31 Text 0 0,First,#,RDCO_Parcels_ExportFeatures,Address,0,30;Jur "Jur" true true false 3 Text 0 0,First,#,RDCO_Parcels_ExportFeatures,Jur,0,2;PID "PID" true true false 11 Text 0 0,First,#,RDCO_Parcels_ExportFeatures,PID,0,10;Lot "Lot" true true false 6 Text 0 0,First,#,RDCO_Parcels_ExportFeatures,Lot,0,5;PlanNum "PlanNum" true true false 9 Text 0 0,First,#,RDCO_Parcels_ExportFeatures,PlanNum,0,8;Block "Block" true true false 5 Text 0 0,First,#,RDCO_Parcels_ExportFeatures,Block,0,4;Section "Section" true true false 9 Text 0 0,First,#,RDCO_Parcels_ExportFeatures,Section,0,8;Township "Township" true true false 2 Text 0 0,First,#,RDCO_Parcels_ExportFeatures,Township,0,1;DistrictLo "DistrictLo" true true false 17 Text 0 0,First,#,RDCO_Parcels_ExportFeatures,DistrictLo,0,16;LandDistri "LandDistri" true true false 2 Text 0 0,First,#,RDCO_Parcels_ExportFeatures,LandDistri,0,1;Size "Size" true true false 15 Text 0 0,First,#,RDCO_Parcels_ExportFeatures,Size,0,14;SizeUnits "SizeUnits" true true false 7 Text 0 0,First,#,RDCO_Parcels_ExportFeatures,SizeUnits,0,6;UnitNumber "UnitNumber" true true false 7 Text 0 0,First,#,RDCO_Parcels_ExportFeatures,UnitNumber,0,6;StreetNumb "StreetNumb" true true false 5 Text 0 0,First,#,RDCO_Parcels_ExportFeatures,StreetNumb,0,4;StreetName "StreetName" true true false 32 Text 0 0,First,#,RDCO_Parcels_ExportFeatures,StreetName,0,31;City "City" true true false 13 Text 0 0,First,#,RDCO_Parcels_ExportFeatures,City,0,12;ProvinceSt "ProvinceSt" true true false 2 Text 0 0,First,#,RDCO_Parcels_ExportFeatures,ProvinceSt,0,1;PostalZip "PostalZip" true true false 7 Text 0 0,First,#,RDCO_Parcels_ExportFeatures,PostalZip,0,6;FormattedL "FormattedL" true true false 254 Text 0 0,First,#,RDCO_Parcels_ExportFeatures,FormattedL,0,253;ActualUseC "ActualUseC" true true false 3 Text 0 0,First,#,RDCO_Parcels_ExportFeatures,ActualUseC,0,2;ActualUseD "ActualUseD" true true false 54 Text 0 0,First,#,RDCO_Parcels_ExportFeatures,ActualUseD,0,53;Zoning "Zoning" true true false 29 Text 0 0,First,#,RDCO_Parcels_ExportFeatures,Zoning,0,28;WasteColle "WasteColle" true true false 17 Text 0 0,First,#,RDCO_Parcels_ExportFeatures,WasteColle,0,16;FireArea "FireArea" true true false 34 Text 0 0,First,#,RDCO_Parcels_ExportFeatures,FireArea,0,33;ShapeSTAre "ShapeSTAre" true true false 8 Double 0 0,First,#,RDCO_Parcels_ExportFeatures,ShapeSTAre,-1,-1;ShapeSTLen "ShapeSTLen" true true false 8 Double 0 0,First,#,RDCO_Parcels_ExportFeatures,ShapeSTLen,-1,-1;Vacant "Vacant" true true false 1 Text 0 0,First,#,RDCO_Parcels_ExportFeatures,Vacant,0,0;Neighbourh "Neighbourh" true true false 35 Text 0 0,First,#,RDCO_Parcels_ExportFeatures,Neighbourh,0,34;Shape_Length "Shape_Length" false true true 8 Double 0 0,First,#,RDCO_Parcels_ExportFeatures,Shape_Length,-1,-1;Shape_Area "Shape_Area" false true true 8 Double 0 0,First,#,RDCO_Parcels_ExportFeatures,Shape_Area,-1,-1" #</Process></lineage></DataProperties><SyncDate>20251212</SyncDate><SyncTime>10184000</SyncTime><ModDate>20251212</ModDate><ModTime>10184000</ModTime></Esri><dataIdInfo><envirDesc Sync="TRUE">Microsoft Windows 10 Version 10.0 (Build 26200) ; Esri ArcGIS 13.6.0.59527</envirDesc><dataLang><languageCode value="eng" Sync="TRUE"></languageCode><countryCode value="CAN" Sync="TRUE"></countryCode></dataLang><idCitation><resTitle Sync="TRUE">RDCO_Cadastre</resTitle><presForm><PresFormCd value="005" Sync="TRUE"></PresFormCd></presForm></idCitation><spatRpType><SpatRepTypCd value="001" Sync="TRUE"></SpatRepTypCd></spatRpType></dataIdInfo><mdLang><languageCode value="eng" Sync="TRUE"></languageCode><countryCode value="CAN" Sync="TRUE"></countryCode></mdLang><distInfo><distFormat><formatName Sync="TRUE">Shapefile</formatName></distFormat><distTranOps><transSize Sync="TRUE">0.000</transSize></distTranOps></distInfo><mdHrLv><ScopeCd value="005" Sync="TRUE"></ScopeCd></mdHrLv><mdHrLvName Sync="TRUE">dataset</mdHrLvName><refSysInfo><RefSystem><refSysID><identCode code="26911" Sync="TRUE"></identCode><idCodeSpace Sync="TRUE">EPSG</idCodeSpace><idVersion Sync="TRUE">6.11(3.0.1)</idVersion></refSysID></RefSystem></refSysInfo><spatRepInfo><VectSpatRep><geometObjs Name="RDCO_Cadastre"><geoObjTyp><GeoObjTypCd value="002" Sync="TRUE"></GeoObjTypCd></geoObjTyp><geoObjCnt Sync="TRUE">0</geoObjCnt></geometObjs><topLvl><TopoLevCd value="001" Sync="TRUE"></TopoLevCd></topLvl></VectSpatRep></spatRepInfo><spdoinfo><ptvctinf><esriterm Name="RDCO_Cadastre"><efeatyp Sync="TRUE">Simple</efeatyp><efeageom code="4" Sync="TRUE"></efeageom><esritopo Sync="TRUE">FALSE</esritopo><efeacnt Sync="TRUE">0</efeacnt><spindex Sync="TRUE">FALSE</spindex><linrefer Sync="TRUE">FALSE</linrefer></esriterm></ptvctinf></spdoinfo><eainfo><detailed Name="RDCO_Cadastre"><enttyp><enttypl Sync="TRUE">RDCO_Cadastre</enttypl><enttypt Sync="TRUE">Feature Class</enttypt><enttypc Sync="TRUE">0</enttypc></enttyp><attr><attrlabl Sync="TRUE">FID</attrlabl><attalias Sync="TRUE">FID</attalias><attrtype Sync="TRUE">OID</attrtype><attwidth Sync="TRUE">4</attwidth><atprecis Sync="TRUE">0</atprecis><attscale Sync="TRUE">0</attscale><attrdef Sync="TRUE">Internal feature number.</attrdef><attrdefs Sync="TRUE">Esri</attrdefs><attrdomv><udom Sync="TRUE">Sequential unique whole numbers that are automatically generated.</udom></attrdomv></attr><attr><attrlabl Sync="TRUE">Shape</attrlabl><attalias Sync="TRUE">Shape</attalias><attrtype Sync="TRUE">Geometry</attrtype><attwidth Sync="TRUE">0</attwidth><atprecis Sync="TRUE">0</atprecis><attscale Sync="TRUE">0</attscale><attrdef Sync="TRUE">Feature geometry.</attrdef><attrdefs Sync="TRUE">Esri</attrdefs><attrdomv><udom Sync="TRUE">Coordinates defining the features.</udom></attrdomv></attr><attr><attrlabl Sync="TRUE">OBJECTID_1</attrlabl><attalias Sync="TRUE">OBJECTID_1</attalias><attrtype Sync="TRUE">Integer</attrtype><attwidth Sync="TRUE">10</attwidth><atprecis Sync="TRUE">10</atprecis><attscale Sync="TRUE">0</attscale></attr><attr><attrlabl Sync="TRUE">FOLIO</attrlabl><attalias Sync="TRUE">FOLIO</attalias><attrtype Sync="TRUE">String</attrtype><attwidth Sync="TRUE">12</attwidth><atprecis Sync="TRUE">0</atprecis><attscale Sync="TRUE">0</attscale></attr><attr><attrlabl Sync="TRUE">Positional</attrlabl><attalias Sync="TRUE">Positional</attalias><attrtype Sync="TRUE">String</attrtype><attwidth Sync="TRUE">1</attwidth><atprecis Sync="TRUE">0</atprecis><attscale Sync="TRUE">0</attscale></attr><attr><attrlabl Sync="TRUE">AREA_SQM</attrlabl><attalias Sync="TRUE">AREA_SQM</attalias><attrtype Sync="TRUE">String</attrtype><attwidth Sync="TRUE">10</attwidth><atprecis Sync="TRUE">0</atprecis><attscale Sync="TRUE">0</attscale></attr><attr><attrlabl Sync="TRUE">Address</attrlabl><attalias Sync="TRUE">Address</attalias><attrtype Sync="TRUE">String</attrtype><attwidth Sync="TRUE">31</attwidth><atprecis Sync="TRUE">0</atprecis><attscale Sync="TRUE">0</attscale></attr><attr><attrlabl Sync="TRUE">Jur</attrlabl><attalias Sync="TRUE">Jur</attalias><attrtype Sync="TRUE">String</attrtype><attwidth Sync="TRUE">3</attwidth><atprecis Sync="TRUE">0</atprecis><attscale Sync="TRUE">0</attscale></attr><attr><attrlabl Sync="TRUE">PID</attrlabl><attalias Sync="TRUE">PID</attalias><attrtype Sync="TRUE">String</attrtype><attwidth Sync="TRUE">11</attwidth><atprecis Sync="TRUE">0</atprecis><attscale Sync="TRUE">0</attscale></attr><attr><attrlabl Sync="TRUE">Lot</attrlabl><attalias Sync="TRUE">Lot</attalias><attrtype Sync="TRUE">String</attrtype><attwidth Sync="TRUE">6</attwidth><atprecis Sync="TRUE">0</atprecis><attscale Sync="TRUE">0</attscale></attr><attr><attrlabl Sync="TRUE">PlanNum</attrlabl><attalias Sync="TRUE">PlanNum</attalias><attrtype Sync="TRUE">String</attrtype><attwidth Sync="TRUE">9</attwidth><atprecis Sync="TRUE">0</atprecis><attscale Sync="TRUE">0</attscale></attr><attr><attrlabl Sync="TRUE">Block</attrlabl><attalias Sync="TRUE">Block</attalias><attrtype Sync="TRUE">String</attrtype><attwidth Sync="TRUE">5</attwidth><atprecis Sync="TRUE">0</atprecis><attscale Sync="TRUE">0</attscale></attr><attr><attrlabl Sync="TRUE">Section</attrlabl><attalias Sync="TRUE">Section</attalias><attrtype Sync="TRUE">String</attrtype><attwidth Sync="TRUE">9</attwidth><atprecis Sync="TRUE">0</atprecis><attscale Sync="TRUE">0</attscale></attr><attr><attrlabl Sync="TRUE">Township</attrlabl><attalias Sync="TRUE">Township</attalias><attrtype Sync="TRUE">String</attrtype><attwidth Sync="TRUE">2</attwidth><atprecis Sync="TRUE">0</atprecis><attscale Sync="TRUE">0</attscale></attr><attr><attrlabl Sync="TRUE">DistrictLo</attrlabl><attalias Sync="TRUE">DistrictLo</attalias><attrtype Sync="TRUE">String</attrtype><attwidth Sync="TRUE">17</attwidth><atprecis Sync="TRUE">0</atprecis><attscale Sync="TRUE">0</attscale></attr><attr><attrlabl Sync="TRUE">LandDistri</attrlabl><attalias Sync="TRUE">LandDistri</attalias><attrtype Sync="TRUE">String</attrtype><attwidth Sync="TRUE">2</attwidth><atprecis Sync="TRUE">0</atprecis><attscale Sync="TRUE">0</attscale></attr><attr><attrlabl Sync="TRUE">Size</attrlabl><attalias Sync="TRUE">Size</attalias><attrtype Sync="TRUE">String</attrtype><attwidth Sync="TRUE">15</attwidth><atprecis Sync="TRUE">0</atprecis><attscale Sync="TRUE">0</attscale></attr><attr><attrlabl Sync="TRUE">SizeUnits</attrlabl><attalias Sync="TRUE">SizeUnits</attalias><attrtype Sync="TRUE">String</attrtype><attwidth Sync="TRUE">7</attwidth><atprecis Sync="TRUE">0</atprecis><attscale Sync="TRUE">0</attscale></attr><attr><attrlabl Sync="TRUE">UnitNumber</attrlabl><attalias Sync="TRUE">UnitNumber</attalias><attrtype Sync="TRUE">String</attrtype><attwidth Sync="TRUE">7</attwidth><atprecis Sync="TRUE">0</atprecis><attscale Sync="TRUE">0</attscale></attr><attr><attrlabl Sync="TRUE">StreetNumb</attrlabl><attalias Sync="TRUE">StreetNumb</attalias><attrtype Sync="TRUE">String</attrtype><attwidth Sync="TRUE">5</attwidth><atprecis Sync="TRUE">0</atprecis><attscale Sync="TRUE">0</attscale></attr><attr><attrlabl Sync="TRUE">StreetName</attrlabl><attalias Sync="TRUE">StreetName</attalias><attrtype Sync="TRUE">String</attrtype><attwidth Sync="TRUE">32</attwidth><atprecis Sync="TRUE">0</atprecis><attscale Sync="TRUE">0</attscale></attr><attr><attrlabl Sync="TRUE">City</attrlabl><attalias Sync="TRUE">City</attalias><attrtype Sync="TRUE">String</attrtype><attwidth Sync="TRUE">13</attwidth><atprecis Sync="TRUE">0</atprecis><attscale Sync="TRUE">0</attscale></attr><attr><attrlabl Sync="TRUE">ProvinceSt</attrlabl><attalias Sync="TRUE">ProvinceSt</attalias><attrtype Sync="TRUE">String</attrtype><attwidth Sync="TRUE">2</attwidth><atprecis Sync="TRUE">0</atprecis><attscale Sync="TRUE">0</attscale></attr><attr><attrlabl Sync="TRUE">PostalZip</attrlabl><attalias Sync="TRUE">PostalZip</attalias><attrtype Sync="TRUE">String</attrtype><attwidth Sync="TRUE">7</attwidth><atprecis Sync="TRUE">0</atprecis><attscale Sync="TRUE">0</attscale></attr><attr><attrlabl Sync="TRUE">FormattedL</attrlabl><attalias Sync="TRUE">FormattedL</attalias><attrtype Sync="TRUE">String</attrtype><attwidth Sync="TRUE">254</attwidth><atprecis Sync="TRUE">0</atprecis><attscale Sync="TRUE">0</attscale></attr><attr><attrlabl Sync="TRUE">ActualUseC</attrlabl><attalias Sync="TRUE">ActualUseC</attalias><attrtype Sync="TRUE">String</attrtype><attwidth Sync="TRUE">3</attwidth><atprecis Sync="TRUE">0</atprecis><attscale Sync="TRUE">0</attscale></attr><attr><attrlabl Sync="TRUE">ActualUseD</attrlabl><attalias Sync="TRUE">ActualUseD</attalias><attrtype Sync="TRUE">String</attrtype><attwidth Sync="TRUE">54</attwidth><atprecis Sync="TRUE">0</atprecis><attscale Sync="TRUE">0</attscale></attr><attr><attrlabl Sync="TRUE">Zoning</attrlabl><attalias Sync="TRUE">Zoning</attalias><attrtype Sync="TRUE">String</attrtype><attwidth Sync="TRUE">29</attwidth><atprecis Sync="TRUE">0</atprecis><attscale Sync="TRUE">0</attscale></attr><attr><attrlabl Sync="TRUE">WasteColle</attrlabl><attalias Sync="TRUE">WasteColle</attalias><attrtype Sync="TRUE">String</attrtype><attwidth Sync="TRUE">17</attwidth><atprecis Sync="TRUE">0</atprecis><attscale Sync="TRUE">0</attscale></attr><attr><attrlabl Sync="TRUE">FireArea</attrlabl><attalias Sync="TRUE">FireArea</attalias><attrtype Sync="TRUE">String</attrtype><attwidth Sync="TRUE">34</attwidth><atprecis Sync="TRUE">0</atprecis><attscale Sync="TRUE">0</attscale></attr><attr><attrlabl Sync="TRUE">ShapeSTAre</attrlabl><attalias Sync="TRUE">ShapeSTAre</attalias><attrtype Sync="TRUE">Double</attrtype><attwidth Sync="TRUE">19</attwidth><atprecis Sync="TRUE">0</atprecis><attscale Sync="TRUE">0</attscale></attr><attr><attrlabl Sync="TRUE">ShapeSTLen</attrlabl><attalias Sync="TRUE">ShapeSTLen</attalias><attrtype Sync="TRUE">Double</attrtype><attwidth Sync="TRUE">19</attwidth><atprecis Sync="TRUE">0</atprecis><attscale Sync="TRUE">0</attscale></attr><attr><attrlabl Sync="TRUE">Vacant</attrlabl><attalias Sync="TRUE">Vacant</attalias><attrtype Sync="TRUE">String</attrtype><attwidth Sync="TRUE">1</attwidth><atprecis Sync="TRUE">0</atprecis><attscale Sync="TRUE">0</attscale></attr><attr><attrlabl Sync="TRUE">Neighbourh</attrlabl><attalias Sync="TRUE">Neighbourh</attalias><attrtype Sync="TRUE">String</attrtype><attwidth Sync="TRUE">35</attwidth><atprecis Sync="TRUE">0</atprecis><attscale Sync="TRUE">0</attscale></attr><attr><attrlabl Sync="TRUE">Shape_Leng</attrlabl><attalias Sync="TRUE">Shape_Leng</attalias><attrtype Sync="TRUE">Double</attrtype><attwidth Sync="TRUE">19</attwidth><atprecis Sync="TRUE">0</atprecis><attscale Sync="TRUE">0</attscale></attr><attr><attrlabl Sync="TRUE">Shape_Area</attrlabl><attalias Sync="TRUE">Shape_Area</attalias><attrtype Sync="TRUE">Double</attrtype><attwidth Sync="TRUE">19</attwidth><atprecis Sync="TRUE">0</atprecis><attscale Sync="TRUE">0</attscale><attrdef Sync="TRUE">Area of feature in internal units squared.</attrdef><attrdefs Sync="TRUE">Esri</attrdefs><attrdomv><udom Sync="TRUE">Positive real numbers that are automatically generated.</udom></attrdomv></attr></detailed></eainfo><mdDateSt Sync="TRUE">20251212</mdDateSt></metadata>
